{"cameraMode":{"drawMode":0,"name":"Shaded","section":"Shading Mode"},"sceneLighting":true,"audioPlay":false,"sceneViewState":{"showFog":true,"showMaterialUpdate":false,"showSkybox":true,"showFlares":true,"showImageEffects":true,"showParticleSystems":true},"in2DMode":false,"pivot":{"x":517.2658081054688,"y":269.556884765625,"z":-0.6417071223258972},"rotation":{"x":0.00032198181725107133,"y":0.0029962221160531046,"z":-0.0000017277293409279083,"w":0.9999955296516419},"size":876.6090087890625,"orthographic":false}