{"cameraMode":{"drawMode":0,"name":"Shaded","section":"Shading Mode"},"sceneLighting":false,"audioPlay":false,"sceneViewState":{"showFog":true,"showMaterialUpdate":false,"showSkybox":true,"showFlares":true,"showImageEffects":true,"showParticleSystems":true},"in2DMode":false,"pivot":{"x":0.009307853877544403,"y":-0.947243869304657,"z":0.15927529335021974},"rotation":{"x":0.5298097729682922,"y":0.3292597234249115,"z":-0.23396039009094239,"w":0.7457560896873474},"size":4.750992774963379,"orthographic":false}