{"cameraMode":{"drawMode":0,"name":"Shaded","section":"Shading Mode"},"sceneLighting":false,"audioPlay":false,"sceneViewState":{"showFog":true,"showMaterialUpdate":false,"showSkybox":true,"showFlares":true,"showImageEffects":true,"showParticleSystems":true},"in2DMode":false,"pivot":{"x":0.9700000286102295,"y":0.0,"z":-0.10000002384185791},"rotation":{"x":0.1348312348127365,"y":0.8650779128074646,"z":-0.33484774827957156,"w":0.34833577275276186},"size":1.4980053901672364,"orthographic":false}