{"cameraMode":{"drawMode":0,"name":"Shaded","section":"Shading Mode"},"sceneLighting":false,"audioPlay":false,"sceneViewState":{"showFog":true,"showMaterialUpdate":true,"showSkybox":true,"showFlares":true,"showImageEffects":true,"showParticleSystems":true},"in2DMode":false,"pivot":{"x":0.25622227787971499,"y":0.4101719856262207,"z":0.17172878980636598},"rotation":{"x":-0.6837891340255737,"y":0.008315451443195343,"z":-0.007793449331074953,"w":-0.7295907139778137},"size":2.094068765640259,"orthographic":false}